Sbx Travel,,Villa,México,Tulum,Zona Hotelera,Beach Front,5,14,,Si,HOZ2015,10-15%
Sbx Travel,,Villa,México,Tulum,Zona Hotelera,Beach Front,10,18,,Si,HOZ2039,10-15%
Sbx Travel,,Villa,México,Tulum,Zona Hotelera,Beach View,6,12,,Si,HOZ2040,10-15%
Sbx Travel,,Villa,México,Tulum,Zona Hotelera,Beach Front,12,24,,Si,HOZ2046,10-15%
Sbx Travel,,Villa,México,Tulum,Zona Hotelera,Beach Front,10,20,,Si,HOZ2057,10-15%
Sbx Travel,,Villa,México,Tulum,Zona Hotelera,Beach View,5,12,,Si,HOZ2058,10-15%
Sbx Travel,,Villa,México,Tulum,Sian Kaan,Beach Front,5,12,,Si,SIK3006,10-15%
Sbx Travel,,Villa,México,Tulum,Sian Kaan,Beach Front,5,10 - 12,,Si,SIK3011,10-15%
Sbx Travel,,Villa,México,Tulum,Aldea Zama,,10,20,,Si,AZA1084,10-15%
Sbx Travel,,Villa,México,Tulum,Aldea Zama,,6,12,,Si,AZA1083,10-15%
Sbx Travel,,Villa,México,Tulum,Aldea Zama,,4 +1,12,,Si,AZA1080,10-15%
Sbx Travel,,Villa,México,Tulum,Aldea Zama,,5,10,,Si,AZA1079,10-15%
Sbx Travel,,Villa,México,Tulum,Aldea Zama,,8 + 2,18,,Si,AZA1077,10-15%
Sbx Travel,,Villa,México,Tulum,Aldea Zama,,5,14,,Si,AZA1078,10-15%
Sbx Travel,,Villa,México,Tulum,Aldea Zama,,4,10,,Si,AZA1071,10-15%
Sbx Travel,,Villa,México,Tulum,Aldea Zama,,6,12,,Si,AZA1072,10-15%
Sbx Travel,,Villa,México,Tulum,Aldea Zama,,5,10,,Si,AZA1073,10-15%
Sbx Travel,,Villa,México,Tulum,Aldea Zama,,,,,,AZA1067,10-15%
Sbx Travel,,Villa,México,Tulum,Aldea Zama,,5,10,,Si,AZA1068,10-15%
Sbx Travel,,Villa,México,Tulum,Aldea Zama,,8,20,,Si,AZA1069,10-15%
Sbx Travel,,Villa,México,Tulum,Aldea Zama,,5,14,,Si,AZA1070,10-15%
Sbx Travel,,Villa,México,Tulum,Aldea Zama,,5,13,,Si,AZA1071,10-15%
Sbx Travel,,Villa,México,Tulum,RG 8,,7,14,,Si,RG801,10-15%
Sbx Travel,,Villa,México,Tulum,RG 15,,5,14,,Si,RG1515,10-15%
Sbx Travel,,Villa,México,Tulum,RG 15,,5,10,,Si,RG1516,10-15%
Sbx Travel,,Villa,México,Tulum,RG 15,,5,10,,Si,RG1518,10-15%
Sbx Travel,,Villa,México,Tulum,RG 15,,5,14,,Si,RG1517,10-15%
VIP Soul,Armonía,Villa,España,Ibiza,Sant Josep,,5,10,6,Si,Aquí,
VIP Soul,Azahara,Villa,España,Ibiza,Sant Josep,,6,12,6,Si,Aquí,
VIP Soul,Exclusive Estate ,Villa,España,Ibiza,,,6,15,"6,5",Si,Aquí,10%
VIP Soul,Can Flowers,Villa,España,Ibiza,Santa Eulalia,,7,13,7,Si,Aquí,10%
VIP Soul,Can Moustique,Villa,España,Ibiza,Sant Josep,,5,,5,Si,Aquí,10%
VIP Soul,Can Cactus,Villa,España,Ibiza,San Agustín,,5,,5,Si,Aquí,10%
VIP Soul,Villa Palau,Villa,España,Ibiza,,,4,8,3,Si,Aquí ,10%
VIP Soul,Villa Sant Jordi,Villa,España,Ibiza,Sant Jordi,,4,8,3,Si,Aquí,10%
VIP Soul,Villa Talamanca,Villa,España,Ibiza,Talamanca,,4,8,3,Si,Aquí,10%
VIP Soul,Villa Primavera ,Villa,España,Ibiza,Can Furnet,,3,6,3,Si,Aquí,10%
VIP Soul,Paul Apartment,Departamento,España,Ibiza,Marina de Botafoch,,3,6,2,Si,Aquí,10%
VIP Soul,Pink Apartment,Departamento,España,Ibiza,Marina de Botafoch,,2,4,2,Si,Aquí,10%
VIP Soul,White Apartment,Departamento,España,Ibiza,Marina de Botafoch,,2,4 + 1,2,Si,Aquí ,10%
Vhils,Aroeira Mansion,Villa,Portugal,Lisboa,Aroeira,,4,10,"4,5",Si,Aquí,10%
Vhils,Green Cabin,Villa,Portugal,Lisboa,Costa da Caparica,Beach Front,2,4,"1,5",No,Aquí,10%
Vhils,Melides Art,Villa,Portugal,Lisboa,,,4,8,,Si,Aquí,10%